file_name,pred1,pred2,pred3,pred4,pred5
000.jpg,swimming,water cycling,sailboat racing,surfing,skydiving
001.jpg,bowling,rollerblade racing,track bicycle,shuffleboard,football
002.jpg,shuffleboard,sumo wrestling,arm wrestling,bowling,baton twirling
003.jpg,rugby,football,javelin,judo,shot put
004.jpg,chuckwagon racing,polo,horse racing,motorcycle racing,barell racing
005.jpg,sky surfing,water cycling,pole climbing,wingsuit flying,hang gliding
006.jpg,wheelchair basketball,jousting,chuckwagon racing,horse jumping,formula 1 racing
007.jpg,disc golf,croquet,cricket,baseball,bull riding
008.jpg,sidecar racing,rowing,wheelchair racing,formula 1 racing,luge
009.jpg,rugby,football,ampute football,horse racing,tug of war
010.jpg,hurdles,field hockey,football,canoe slamon,sidecar racing
011.jpg,luge,giant slalom,snow boarding,ski jumping,speed skating
012.jpg,hockey,speed skating,bobsled,giant slalom,luge
013.jpg,bull riding,barell racing,chuckwagon racing,steer wrestling,jousting
014.jpg,shuffleboard,arm wrestling,baton twirling,bowling,jai alai
015.jpg,trapeze,ski jumping,pole vault,snow boarding,skydiving
016.jpg,horse racing,formula 1 racing,harness racing,sidecar racing,roller derby
017.jpg,barell racing,steer wrestling,log rolling,pole climbing,wingsuit flying
018.jpg,figure skating pairs,figure skating women,weightlifting,bobsled,pole climbing
019.jpg,speed skating,skydiving,ski jumping,giant slalom,curling
020.jpg,horse jumping,harness racing,hammer throw,chuckwagon racing,wheelchair racing
021.jpg,chuckwagon racing,bull riding,bmx,baseball,horse jumping
022.jpg,formula 1 racing,motorcycle racing,sidecar racing,polo,harness racing
023.jpg,rugby,field hockey,polo,lacrosse,football
024.jpg,boxing,sumo wrestling,olympic wrestling,basketball,balance beam
025.jpg,high jump,javelin,uneven bars,table tennis,balance beam
026.jpg,jai alai,baseball,wingsuit flying,hang gliding,ampute football
027.jpg,wheelchair basketball,boxing,parallel bar,balance beam,pommel horse
028.jpg,bull riding,jousting,barell racing,roller derby,steer wrestling
029.jpg,high jump,olympic wrestling,figure skating pairs,table tennis,javelin
030.jpg,water polo,canoe slamon,rowing,swimming,mushing
031.jpg,bungee jumping,rock climbing,fly fishing,axe throwing,canoe slamon
032.jpg,barell racing,track bicycle,motorcycle racing,wheelchair racing,bmx
033.jpg,log rolling,gaga,hammer throw,hurdles,baseball
034.jpg,air hockey,bowling,judo,pole dancing,tennis
035.jpg,bowling,shuffleboard,arm wrestling,baton twirling,golf
036.jpg,giant slalom,speed skating,hockey,ski jumping,skydiving
037.jpg,billiards,tennis,shuffleboard,air hockey,golf
038.jpg,hockey,field hockey,tennis,rollerblade racing,giant slalom
039.jpg,track bicycle,snowmobile racing,volleyball,weightlifting,tug of war
040.jpg,ski jumping,skydiving,trapeze,pole vault,sky surfing
041.jpg,sailboat racing,canoe slamon,rowing,ice climbing,snowmobile racing
042.jpg,wheelchair basketball,horse jumping,basketball,pommel horse,balance beam
043.jpg,canoe slamon,horse jumping,log rolling,bike polo,mushing
044.jpg,barell racing,bull riding,horse racing,chuckwagon racing,steer wrestling
045.jpg,hurdles,curling,boxing,olympic wrestling,horse jumping
046.jpg,air hockey,weightlifting,volleyball,billiards,high jump
047.jpg,weightlifting,pole vault,archery,volleyball,cheerleading
048.jpg,bull riding,horse racing,sumo wrestling,jousting,tug of war
049.jpg,axe throwing,horseshoe pitching,gaga,air hockey,baseball
050.jpg,shuffleboard,golf,baton twirling,arm wrestling,jai alai
051.jpg,fencing,ski jumping,jai alai,judo,golf
052.jpg,ampute football,cricket,football,lacrosse,rugby
053.jpg,barell racing,steer wrestling,bull riding,axe throwing,gaga
054.jpg,pole vault,figure skating pairs,pole dancing,ski jumping,hang gliding
055.jpg,billiards,air hockey,table tennis,balance beam,pommel horse
056.jpg,figure skating women,trapeze,pole dancing,speed skating,figure skating pairs
057.jpg,arm wrestling,billiards,shuffleboard,hydroplane racing,air hockey
058.jpg,high jump,table tennis,uneven bars,balance beam,olympic wrestling
059.jpg,boxing,parallel bar,uneven bars,baton twirling,balance beam
060.jpg,bull riding,barell racing,chuckwagon racing,nascar racing,baseball
061.jpg,judo,javelin,table tennis,football,high jump
062.jpg,polo,track bicycle,motorcycle racing,harness racing,formula 1 racing
063.jpg,trapeze,ski jumping,archery,tennis,pole vault
064.jpg,boxing,wheelchair basketball,hurdles,basketball,horse jumping
065.jpg,uneven bars,balance beam,fencing,sumo wrestling,basketball
066.jpg,tug of war,horse racing,bull riding,gaga,steer wrestling
067.jpg,arm wrestling,baton twirling,pole dancing,shuffleboard,hydroplane racing
068.jpg,ice climbing,figure skating men,figure skating women,figure skating pairs,surfing
069.jpg,skydiving,speed skating,giant slalom,ski jumping,trapeze
070.jpg,rowing,canoe slamon,snowmobile racing,hydroplane racing,giant slalom
071.jpg,roller derby,hockey,basketball,olympic wrestling,harness racing
072.jpg,luge,bobsled,figure skating women,figure skating pairs,wingsuit flying
073.jpg,lacrosse,bmx,sailboat racing,nascar racing,football
074.jpg,hammer throw,pole vault,hurdles,horse jumping,log rolling
075.jpg,fencing,pommel horse,parallel bar,uneven bars,balance beam
076.jpg,horse jumping,hurdles,cheerleading,football,roller derby
077.jpg,luge,figure skating men,figure skating pairs,bobsled,skydiving
078.jpg,ultimate,ampute football,croquet,gaga,field hockey
079.jpg,olympic wrestling,bowling,rugby,volleyball,roller derby
080.jpg,disc golf,croquet,bungee jumping,frisbee,axe throwing
081.jpg,bull riding,hammer throw,rock climbing,fly fishing,disc golf
082.jpg,water polo,swimming,volleyball,log rolling,water cycling
083.jpg,axe throwing,fly fishing,rock climbing,disc golf,barell racing
084.jpg,polo,harness racing,track bicycle,roller derby,rugby
085.jpg,snowmobile racing,rowing,canoe slamon,sailboat racing,giant slalom
086.jpg,rings,baton twirling,uneven bars,sumo wrestling,shuffleboard
087.jpg,bobsled,curling,horse jumping,figure skating pairs,shot put
088.jpg,pole dancing,arm wrestling,shuffleboard,trapeze,billiards
089.jpg,hydroplane racing,wingsuit flying,figure skating women,luge,pole dancing
090.jpg,snow boarding,tennis,bobsled,luge,giant slalom
091.jpg,pole climbing,frisbee,wingsuit flying,pole dancing,golf
092.jpg,rowing,sailboat racing,snowmobile racing,canoe slamon,snow boarding
093.jpg,polo,harness racing,roller derby,rugby,horse racing
094.jpg,table tennis,billiards,balance beam,tennis,baton twirling
095.jpg,football,lacrosse,cricket,baseball,rugby
096.jpg,figure skating women,figure skating pairs,figure skating men,speed skating,luge
097.jpg,shot put,baton twirling,javelin,boxing,table tennis
098.jpg,figure skating women,billiards,figure skating pairs,hang gliding,table tennis
099.jpg,arm wrestling,shuffleboard,bowling,baton twirling,pole dancing
100.jpg,jai alai,cricket,tennis,croquet,field hockey
101.jpg,table tennis,balance beam,olympic wrestling,uneven bars,pommel horse
102.jpg,arm wrestling,pole climbing,water cycling,shuffleboard,horseshoe pitching
103.jpg,polo,field hockey,rugby,harness racing,track bicycle
104.jpg,rings,uneven bars,pommel horse,balance beam,parallel bar
105.jpg,bowling,high jump,weightlifting,pole dancing,arm wrestling
106.jpg,parallel bar,fencing,uneven bars,balance beam,pommel horse
107.jpg,roller derby,hurdles,harness racing,horse jumping,olympic wrestling
108.jpg,uneven bars,high jump,balance beam,rings,sumo wrestling
109.jpg,hockey,field hockey,speed skating,rollerblade racing,tennis
110.jpg,figure skating women,figure skating men,figure skating pairs,speed skating,curling
111.jpg,ice climbing,surfing,mushing,giant slalom,canoe slamon
112.jpg,rock climbing,disc golf,tug of war,fly fishing,bull riding
113.jpg,balance beam,uneven bars,olympic wrestling,sumo wrestling,high jump
114.jpg,balance beam,parallel bar,uneven bars,pommel horse,fencing
115.jpg,roller derby,wheelchair racing,horse jumping,harness racing,hurdles
116.jpg,jai alai,lacrosse,baseball,bmx,football
117.jpg,ice climbing,canoe slamon,surfing,water polo,swimming
118.jpg,curling,speed skating,figure skating pairs,field hockey,rollerblade racing
119.jpg,wheelchair racing,hurdles,formula 1 racing,boxing,basketball
120.jpg,barell racing,shuffleboard,steer wrestling,horse racing,rugby
121.jpg,giant slalom,ski jumping,skydiving,speed skating,trapeze
122.jpg,track bicycle,polo,motorcycle racing,formula 1 racing,bmx
123.jpg,rowing,fly fishing,canoe slamon,mushing,giant slalom
124.jpg,mushing,log rolling,water polo,swimming,volleyball
125.jpg,hurdles,wheelchair racing,horse jumping,formula 1 racing,cheerleading
126.jpg,field hockey,roller derby,harness racing,basketball,rugby
127.jpg,high jump,javelin,rings,uneven bars,shot put
128.jpg,olympic wrestling,weightlifting,roller derby,basketball,cheerleading
129.jpg,fencing,parallel bar,balance beam,uneven bars,pommel horse
130.jpg,axe throwing,hammer throw,gaga,horseshoe pitching,log rolling
131.jpg,golf,croquet,frisbee,field hockey,bungee jumping
132.jpg,swimming,water cycling,water polo,hang gliding,table tennis
133.jpg,olympic wrestling,table tennis,volleyball,pommel horse,swimming
134.jpg,speed skating,figure skating pairs,ski jumping,weightlifting,figure skating women
135.jpg,billiards,judo,shuffleboard,pommel horse,bowling
136.jpg,hang gliding,pole climbing,billiards,water cycling,wingsuit flying
137.jpg,tug of war,steer wrestling,bull riding,barell racing,gaga
138.jpg,pole dancing,wingsuit flying,figure skating women,bungee jumping,hang gliding
139.jpg,rugby,horse racing,harness racing,polo,roller derby
140.jpg,figure skating women,figure skating men,luge,figure skating pairs,bobsled
141.jpg,snowmobile racing,roller derby,canoe slamon,hockey,harness racing
142.jpg,water polo,swimming,water cycling,ice climbing,log rolling
143.jpg,canoe slamon,snowmobile racing,rowing,ice climbing,sailboat racing
144.jpg,high jump,olympic wrestling,javelin,shot put,hurdles
145.jpg,lacrosse,football,cricket,judo,rugby
146.jpg,roller derby,sumo wrestling,basketball,boxing,volleyball
147.jpg,wingsuit flying,golf,frisbee,judo,horseshoe pitching
148.jpg,trapeze,pole vault,ski jumping,pole dancing,bungee jumping
149.jpg,water polo,swimming,log rolling,canoe slamon,mushing
150.jpg,archery,horse jumping,horse racing,tug of war,cheerleading
151.jpg,curling,cricket,ampute football,rugby,high jump
152.jpg,golf,arm wrestling,baton twirling,shuffleboard,pole dancing
153.jpg,balance beam,uneven bars,table tennis,pommel horse,sumo wrestling
154.jpg,balance beam,uneven bars,pommel horse,parallel bar,olympic wrestling
155.jpg,field hockey,ultimate,ampute football,rugby,lacrosse
156.jpg,billiards,air hockey,shuffleboard,table tennis,tennis
157.jpg,horse racing,polo,barell racing,bull riding,chuckwagon racing
158.jpg,figure skating men,figure skating women,speed skating,figure skating pairs,hydroplane racing
159.jpg,bmx,archery,sailboat racing,jai alai,golf
160.jpg,shuffleboard,golf,tennis,croquet,frisbee
161.jpg,high jump,speed skating,shot put,luge,weightlifting
162.jpg,swimming,volleyball,hurdles,cheerleading,horse jumping
163.jpg,fencing,uneven bars,parallel bar,trapeze,balance beam
164.jpg,fencing,tennis,ski jumping,pole vault,speed skating
165.jpg,wingsuit flying,hang gliding,weightlifting,pole climbing,pole dancing
166.jpg,balance beam,parallel bar,pommel horse,uneven bars,olympic wrestling
167.jpg,axe throwing,bungee jumping,fly fishing,frisbee,gaga
168.jpg,horse racing,chuckwagon racing,tug of war,formula 1 racing,horse jumping
169.jpg,cricket,baseball,jai alai,basketball,archery
170.jpg,baseball,sumo wrestling,bike polo,fly fishing,gaga
171.jpg,football,rugby,sidecar racing,tug of war,lacrosse
172.jpg,boxing,wheelchair basketball,parallel bar,basketball,fencing
173.jpg,javelin,shot put,curling,table tennis,figure skating pairs
174.jpg,croquet,ampute football,cricket,football,ultimate
175.jpg,giant slalom,ice yachting,ski jumping,skydiving,trapeze
176.jpg,rings,pole dancing,judo,baton twirling,weightlifting
177.jpg,gaga,wingsuit flying,horseshoe pitching,frisbee,golf
178.jpg,figure skating men,figure skating women,figure skating pairs,sky surfing,speed skating
179.jpg,pole dancing,shot put,bobsled,arm wrestling,pole climbing
180.jpg,jai alai,skydiving,weightlifting,rollerblade racing,bmx
181.jpg,harness racing,formula 1 racing,wheelchair racing,motorcycle racing,polo
182.jpg,snowmobile racing,rowing,canoe slamon,harness racing,wheelchair racing
183.jpg,figure skating women,figure skating men,figure skating pairs,speed skating,luge
184.jpg,steer wrestling,barell racing,tug of war,volleyball,rugby
185.jpg,figure skating men,pole vault,speed skating,figure skating pairs,ski jumping
186.jpg,basketball,javelin,shot put,uneven bars,boxing
187.jpg,curling,sidecar racing,bobsled,wheelchair racing,formula 1 racing
188.jpg,hammer throw,horse jumping,log rolling,horseshoe pitching,gaga
189.jpg,pole climbing,hang gliding,pole vault,sky surfing,snow boarding
190.jpg,lacrosse,football,rollerblade racing,track bicycle,hockey
191.jpg,nascar racing,formula 1 racing,sidecar racing,bobsled,wheelchair racing
192.jpg,bobsled,horse racing,formula 1 racing,motorcycle racing,shot put
193.jpg,bull riding,barell racing,gaga,tug of war,chuckwagon racing
194.jpg,disc golf,cricket,fly fishing,baseball,golf
195.jpg,jai alai,ski jumping,golf,tennis,trapeze
196.jpg,figure skating pairs,figure skating women,table tennis,figure skating men,speed skating
197.jpg,canoe slamon,rowing,sailboat racing,wheelchair racing,log rolling
198.jpg,disc golf,fly fishing,rock climbing,chuckwagon racing,bull riding
199.jpg,uneven bars,balance beam,javelin,shot put,parallel bar
200.jpg,wingsuit flying,volleyball,log rolling,hang gliding,hydroplane racing
201.jpg,bull riding,jousting,barell racing,chuckwagon racing,football
202.jpg,jai alai,sidecar racing,baseball,golf,bungee jumping
203.jpg,frisbee,bungee jumping,bmx,skydiving,disc golf
204.jpg,formula 1 racing,motorcycle racing,nascar racing,sidecar racing,bobsled
205.jpg,rowing,snowmobile racing,giant slalom,nascar racing,formula 1 racing
206.jpg,curling,hurdles,hockey,wheelchair racing,rowing
207.jpg,high jump,baton twirling,bowling,shot put,rings
208.jpg,water cycling,water polo,swimming,pole climbing,hang gliding
209.jpg,rugby,football,hurdles,cricket,roller derby
210.jpg,javelin,high jump,shot put,football,uneven bars
211.jpg,olympic wrestling,table tennis,curling,javelin,shot put
212.jpg,pole climbing,pole dancing,figure skating women,figure skating pairs,bobsled
213.jpg,fencing,table tennis,judo,pommel horse,parallel bar
214.jpg,tug of war,chuckwagon racing,bmx,golf,frisbee
215.jpg,canoe slamon,hydroplane racing,ice climbing,rowing,sailboat racing
216.jpg,hammer throw,pole vault,ski jumping,hang gliding,skydiving
217.jpg,curling,mushing,field hockey,hockey,speed skating
218.jpg,rowing,snowmobile racing,sailboat racing,wheelchair racing,canoe slamon
219.jpg,hydroplane racing,weightlifting,arm wrestling,pole dancing,bobsled
220.jpg,skydiving,trapeze,sky surfing,ski jumping,speed skating
221.jpg,horse jumping,bull riding,log rolling,hammer throw,jousting
222.jpg,rugby,football,cricket,basketball,ultimate
223.jpg,bmx,chuckwagon racing,nascar racing,skydiving,harness racing
224.jpg,figure skating men,speed skating,figure skating pairs,figure skating women,luge
225.jpg,ice yachting,sailboat racing,luge,skydiving,bobsled
226.jpg,ice yachting,sailboat racing,jai alai,skydiving,snow boarding
227.jpg,air hockey,arm wrestling,shuffleboard,billiards,axe throwing
228.jpg,mushing,snowmobile racing,canoe slamon,ice climbing,bike polo
229.jpg,billiards,tennis,air hockey,rollerblade racing,field hockey
230.jpg,baseball,golf,frisbee,football,ultimate
231.jpg,disc golf,fly fishing,bungee jumping,chuckwagon racing,croquet
232.jpg,fencing,rings,javelin,parallel bar,ski jumping
233.jpg,croquet,gaga,ampute football,ultimate,axe throwing
234.jpg,water polo,swimming,surfing,sailboat racing,water cycling
235.jpg,horse racing,rugby,motorcycle racing,formula 1 racing,tug of war
236.jpg,rock climbing,bungee jumping,fly fishing,disc golf,hammer throw
237.jpg,football,judo,rugby,ampute football,bowling
238.jpg,water polo,log rolling,swimming,rock climbing,fly fishing
239.jpg,figure skating pairs,speed skating,curling,figure skating men,giant slalom
240.jpg,skydiving,sky surfing,figure skating men,speed skating,figure skating pairs
241.jpg,golf,jai alai,tennis,baton twirling,frisbee
242.jpg,rings,trapeze,arm wrestling,pole dancing,baton twirling
243.jpg,archery,weightlifting,cheerleading,bmx,pole vault
244.jpg,ski jumping,trapeze,pole vault,giant slalom,luge
245.jpg,bull riding,chuckwagon racing,barell racing,axe throwing,jousting
246.jpg,bull riding,jousting,chuckwagon racing,tug of war,horse racing
247.jpg,sidecar racing,nascar racing,football,baseball,steer wrestling
248.jpg,pole dancing,pole climbing,weightlifting,arm wrestling,air hockey
249.jpg,golf,baton twirling,shot put,ski jumping,trapeze
250.jpg,volleyball,horse jumping,roller derby,cheerleading,rugby
251.jpg,olympic wrestling,high jump,javelin,boxing,shot put
252.jpg,water cycling,swimming,water polo,sailboat racing,mushing
253.jpg,polo,harness racing,motorcycle racing,formula 1 racing,track bicycle
254.jpg,olympic wrestling,balance beam,pommel horse,table tennis,hurdles
255.jpg,air hockey,table tennis,weightlifting,arm wrestling,bowling
256.jpg,figure skating pairs,bobsled,figure skating women,billiards,speed skating
257.jpg,skydiving,ice climbing,sailboat racing,giant slalom,canoe slamon
258.jpg,figure skating women,figure skating men,ice climbing,water cycling,wingsuit flying
259.jpg,giant slalom,snow boarding,ski jumping,trapeze,pole vault
260.jpg,rowing,mushing,snowmobile racing,harness racing,canoe slamon
261.jpg,rock climbing,disc golf,bmx,fly fishing,golf
262.jpg,shot put,javelin,football,baseball,judo
263.jpg,bmx,horse jumping,jousting,chuckwagon racing,hurdles
264.jpg,figure skating pairs,table tennis,olympic wrestling,figure skating women,volleyball
265.jpg,ice climbing,figure skating women,snow boarding,pole climbing,water cycling
266.jpg,motorcycle racing,track bicycle,wheelchair basketball,formula 1 racing,bmx
267.jpg,cheerleading,fencing,hurdles,archery,volleyball
268.jpg,speed skating,figure skating pairs,curling,figure skating men,figure skating women
269.jpg,cricket,ultimate,croquet,disc golf,baseball
270.jpg,shot put,baseball,archery,javelin,horseshoe pitching
271.jpg,high jump,olympic wrestling,rings,uneven bars,javelin
272.jpg,disc golf,cricket,baseball,fly fishing,frisbee
273.jpg,barell racing,horseshoe pitching,frisbee,bungee jumping,disc golf
274.jpg,olympic wrestling,horse jumping,boxing,table tennis,curling
275.jpg,rowing,sailboat racing,canoe slamon,snowmobile racing,hurdles
276.jpg,speed skating,figure skating pairs,pole vault,sky surfing,curling
277.jpg,canoe slamon,swimming,surfing,ice climbing,rowing
278.jpg,motorcycle racing,formula 1 racing,nascar racing,sidecar racing,harness racing
279.jpg,hockey,hurdles,bmx,fencing,bike polo
280.jpg,balance beam,uneven bars,olympic wrestling,pommel horse,parallel bar
281.jpg,fencing,pole vault,tennis,hockey,hammer throw
282.jpg,sumo wrestling,axe throwing,bull riding,basketball,jousting
283.jpg,horse racing,barell racing,bull riding,steer wrestling,tug of war
284.jpg,canoe slamon,mushing,snowmobile racing,figure skating pairs,rollerblade racing
285.jpg,surfing,ice climbing,rowing,swimming,canoe slamon
286.jpg,roller derby,field hockey,mushing,bike polo,parallel bar
287.jpg,wheelchair basketball,harness racing,track bicycle,wheelchair racing,formula 1 racing
288.jpg,bowling,steer wrestling,shuffleboard,sumo wrestling,olympic wrestling
289.jpg,nascar racing,formula 1 racing,motorcycle racing,wheelchair racing,bmx
290.jpg,basketball,hockey,olympic wrestling,fencing,roller derby
291.jpg,nascar racing,formula 1 racing,motorcycle racing,track bicycle,sidecar racing
292.jpg,ice climbing,surfing,canoe slamon,figure skating women,figure skating men
293.jpg,barell racing,log rolling,horse jumping,steer wrestling,horse racing
294.jpg,ampute football,croquet,ultimate,field hockey,cricket
295.jpg,giant slalom,ice yachting,sailboat racing,speed skating,snow boarding
296.jpg,pole climbing,hang gliding,pole dancing,wingsuit flying,frisbee
297.jpg,judo,speed skating,rollerblade racing,figure skating pairs,fencing
298.jpg,wheelchair basketball,basketball,bike polo,sumo wrestling,parallel bar
299.jpg,weightlifting,rings,uneven bars,balance beam,high jump
300.jpg,canoe slamon,rowing,ice climbing,sailboat racing,surfing
301.jpg,shot put,golf,javelin,baton twirling,hydroplane racing
302.jpg,pole dancing,weightlifting,pole vault,rings,figure skating pairs
303.jpg,formula 1 racing,sidecar racing,nascar racing,hydroplane racing,motorcycle racing
304.jpg,ski jumping,speed skating,figure skating pairs,pole vault,luge
305.jpg,polo,harness racing,sidecar racing,track bicycle,wheelchair racing
306.jpg,jousting,polo,horse racing,harness racing,rugby
307.jpg,hydroplane racing,log rolling,wheelchair racing,hammer throw,canoe slamon
308.jpg,figure skating pairs,figure skating men,speed skating,figure skating women,curling
309.jpg,disc golf,bull riding,baseball,hammer throw,tug of war
310.jpg,lacrosse,football,rugby,judo,cricket
311.jpg,hammer throw,log rolling,surfing,sailboat racing,canoe slamon
312.jpg,snowmobile racing,bike polo,canoe slamon,mushing,hockey
313.jpg,skydiving,ski jumping,snow boarding,hang gliding,sky surfing
314.jpg,horseshoe pitching,judo,air hockey,log rolling,fencing
315.jpg,canoe slamon,rowing,water polo,mushing,snowmobile racing
316.jpg,log rolling,swimming,horse jumping,water polo,canoe slamon
317.jpg,polo,harness racing,lacrosse,track bicycle,jousting
318.jpg,shuffleboard,arm wrestling,bowling,fly fishing,axe throwing
319.jpg,boxing,pommel horse,balance beam,parallel bar,uneven bars
320.jpg,field hockey,jai alai,lacrosse,rollerblade racing,tennis
321.jpg,steer wrestling,bull riding,ampute football,tug of war,croquet
322.jpg,boxing,parallel bar,basketball,olympic wrestling,uneven bars
323.jpg,balance beam,parallel bar,uneven bars,pommel horse,boxing
324.jpg,bobsled,formula 1 racing,luge,nascar racing,sidecar racing
325.jpg,formula 1 racing,motorcycle racing,sidecar racing,nascar racing,harness racing
326.jpg,fly fishing,axe throwing,bungee jumping,disc golf,gaga
327.jpg,ice yachting,sailboat racing,rowing,fencing,curling
328.jpg,hammer throw,rock climbing,log rolling,fly fishing,ski jumping
329.jpg,mushing,hammer throw,horse jumping,cheerleading,hurdles
330.jpg,football,lacrosse,hurdles,hockey,cheerleading
331.jpg,pole climbing,weightlifting,pole vault,hang gliding,volleyball
332.jpg,football,javelin,cricket,high jump,baseball
333.jpg,uneven bars,balance beam,parallel bar,pommel horse,boxing
334.jpg,lacrosse,football,bowling,cheerleading,weightlifting
335.jpg,volleyball,air hockey,table tennis,billiards,olympic wrestling
336.jpg,ski jumping,pole vault,snow boarding,ice yachting,giant slalom
337.jpg,roller derby,harness racing,polo,horse racing,jousting
338.jpg,pole dancing,pole climbing,archery,air hockey,pole vault
339.jpg,pole vault,weightlifting,ski jumping,archery,skydiving
340.jpg,bike polo,wheelchair basketball,harness racing,wheelchair racing,hockey
341.jpg,mushing,ice climbing,snowmobile racing,figure skating pairs,field hockey
342.jpg,pole climbing,weightlifting,pole dancing,volleyball,hang gliding
343.jpg,sidecar racing,formula 1 racing,nascar racing,motorcycle racing,polo
344.jpg,giant slalom,speed skating,snow boarding,luge,skydiving
345.jpg,sumo wrestling,basketball,uneven bars,volleyball,parallel bar
346.jpg,track bicycle,formula 1 racing,wheelchair basketball,wheelchair racing,bmx
347.jpg,surfing,ice climbing,skydiving,sailboat racing,canoe slamon
348.jpg,hockey,weightlifting,cheerleading,roller derby,curling
349.jpg,formula 1 racing,motorcycle racing,nascar racing,harness racing,snowmobile racing
350.jpg,high jump,javelin,rings,olympic wrestling,uneven bars
351.jpg,barell racing,chuckwagon racing,jousting,bull riding,horse racing
352.jpg,pommel horse,sumo wrestling,air hockey,parallel bar,axe throwing
353.jpg,horse racing,jousting,harness racing,bull riding,chuckwagon racing
354.jpg,hang gliding,pole vault,tennis,trapeze,snow boarding
355.jpg,chuckwagon racing,formula 1 racing,motorcycle racing,nascar racing,polo
356.jpg,olympic wrestling,boxing,high jump,hurdles,horse jumping
357.jpg,swimming,water polo,rowing,log rolling,hydroplane racing
358.jpg,wheelchair basketball,horse jumping,basketball,formula 1 racing,wheelchair racing
359.jpg,gaga,bull riding,disc golf,tug of war,croquet
360.jpg,nascar racing,hurdles,barell racing,formula 1 racing,chuckwagon racing
361.jpg,bobsled,motorcycle racing,rollerblade racing,hockey,nascar racing
362.jpg,horse racing,polo,barell racing,harness racing,jousting
363.jpg,snow boarding,skydiving,rock climbing,sky surfing,hang gliding
364.jpg,pole vault,pole dancing,ice yachting,balance beam,ski jumping
365.jpg,bull riding,horse racing,barell racing,steer wrestling,nascar racing
366.jpg,lacrosse,football,ultimate,ampute football,baseball
367.jpg,judo,football,bowling,baseball,weightlifting
368.jpg,high jump,olympic wrestling,javelin,rugby,rings
369.jpg,luge,trapeze,bobsled,speed skating,snow boarding
370.jpg,balance beam,uneven bars,parallel bar,pommel horse,fencing
371.jpg,giant slalom,surfing,ice climbing,sailboat racing,snowmobile racing
372.jpg,barell racing,gaga,horse racing,wingsuit flying,axe throwing
373.jpg,judo,pommel horse,curling,bowling,figure skating pairs
374.jpg,log rolling,mushing,horseshoe pitching,canoe slamon,water polo
375.jpg,formula 1 racing,sidecar racing,nascar racing,motorcycle racing,polo
376.jpg,swimming,water polo,log rolling,hydroplane racing,rowing
377.jpg,figure skating men,figure skating pairs,figure skating women,speed skating,sky surfing
378.jpg,hockey,giant slalom,bike polo,bmx,skydiving
379.jpg,figure skating men,figure skating women,figure skating pairs,ice climbing,speed skating
380.jpg,hockey,fencing,basketball,weightlifting,boxing
381.jpg,water polo,ice climbing,swimming,water cycling,surfing
382.jpg,formula 1 racing,nascar racing,wheelchair racing,horse racing,horse jumping
383.jpg,fencing,basketball,boxing,parallel bar,sumo wrestling
384.jpg,uneven bars,sumo wrestling,wheelchair basketball,parallel bar,basketball
385.jpg,skydiving,giant slalom,motorcycle racing,hockey,speed skating
386.jpg,parallel bar,billiards,pommel horse,air hockey,uneven bars
387.jpg,table tennis,pommel horse,balance beam,uneven bars,figure skating pairs
388.jpg,lacrosse,football,rugby,judo,hockey
389.jpg,pole climbing,horseshoe pitching,air hockey,log rolling,hammer throw
390.jpg,sidecar racing,motorcycle racing,formula 1 racing,bobsled,nascar racing
391.jpg,pole climbing,volleyball,cheerleading,archery,weightlifting
392.jpg,snowmobile racing,ice climbing,mushing,giant slalom,hockey
393.jpg,ampute football,ultimate,rugby,tug of war,horse racing
394.jpg,figure skating women,luge,hydroplane racing,figure skating men,figure skating pairs
395.jpg,balance beam,table tennis,pommel horse,parallel bar,uneven bars
396.jpg,weightlifting,skydiving,ice yachting,sailboat racing,ski jumping
397.jpg,rock climbing,fly fishing,ice climbing,canoe slamon,bungee jumping
398.jpg,figure skating men,figure skating women,luge,ice climbing,speed skating
399.jpg,hockey,field hockey,rollerblade racing,roller derby,speed skating
400.jpg,hammer throw,bull riding,axe throwing,rock climbing,fly fishing
401.jpg,olympic wrestling,table tennis,javelin,shot put,hurdles
402.jpg,ultimate,cricket,lacrosse,ampute football,disc golf
403.jpg,javelin,shot put,olympic wrestling,uneven bars,baton twirling
404.jpg,wheelchair basketball,parallel bar,basketball,pommel horse,boxing
405.jpg,bike polo,wheelchair basketball,basketball,sumo wrestling,hockey
406.jpg,olympic wrestling,javelin,table tennis,shot put,baton twirling
407.jpg,disc golf,fly fishing,rock climbing,bungee jumping,chuckwagon racing
408.jpg,cricket,football,jai alai,baseball,lacrosse
409.jpg,high jump,rings,olympic wrestling,javelin,rugby
410.jpg,motorcycle racing,formula 1 racing,sidecar racing,harness racing,wheelchair racing
411.jpg,field hockey,ampute football,croquet,rugby,football
412.jpg,polo,harness racing,horse racing,track bicycle,formula 1 racing
413.jpg,horse jumping,nascar racing,formula 1 racing,mushing,hockey
414.jpg,ski jumping,pole vault,trapeze,skydiving,archery
415.jpg,pole climbing,volleyball,weightlifting,billiards,pole dancing
416.jpg,barell racing,bull riding,steer wrestling,gaga,jousting
417.jpg,cricket,jai alai,ampute football,croquet,ultimate
418.jpg,bike polo,polo,harness racing,track bicycle,bmx
419.jpg,figure skating women,figure skating pairs,sky surfing,figure skating men,speed skating
420.jpg,air hockey,billiards,hurdles,table tennis,weightlifting
421.jpg,harness racing,bike polo,track bicycle,wheelchair basketball,polo
422.jpg,weightlifting,volleyball,pole climbing,pole vault,hang gliding
423.jpg,jai alai,archery,cricket,baton twirling,baseball
424.jpg,judo,steer wrestling,air hockey,volleyball,log rolling
425.jpg,bull riding,disc golf,sumo wrestling,ultimate,baseball
426.jpg,hockey,rollerblade racing,field hockey,tennis,giant slalom
427.jpg,barell racing,steer wrestling,bull riding,chuckwagon racing,horse racing
428.jpg,judo,ampute football,bowling,field hockey,football
429.jpg,swimming,water polo,water cycling,hydroplane racing,log rolling
430.jpg,javelin,shot put,high jump,football,golf
431.jpg,canoe slamon,rowing,sailboat racing,snowmobile racing,mushing
432.jpg,log rolling,steer wrestling,barell racing,horse jumping,tug of war
433.jpg,pole climbing,wingsuit flying,pole dancing,baton twirling,hang gliding
434.jpg,bike polo,bmx,track bicycle,polo,nascar racing
435.jpg,rugby,olympic wrestling,speed skating,horse jumping,curling
436.jpg,bowling,judo,olympic wrestling,roller derby,steer wrestling
437.jpg,ice yachting,sailboat racing,fencing,jai alai,rowing
438.jpg,jai alai,tennis,speed skating,field hockey,rollerblade racing
439.jpg,ski jumping,pole vault,trapeze,tennis,archery
440.jpg,trapeze,ski jumping,pole vault,bungee jumping,snow boarding
441.jpg,pole climbing,hang gliding,snow boarding,sky surfing,figure skating women
442.jpg,horse racing,barell racing,harness racing,horse jumping,bull riding
443.jpg,rock climbing,bungee jumping,field hockey,ice climbing,gaga
444.jpg,shuffleboard,table tennis,balance beam,pommel horse,bowling
445.jpg,horse jumping,wheelchair racing,wheelchair basketball,hurdles,rowing
446.jpg,field hockey,ampute football,rollerblade racing,football,judo
447.jpg,pole climbing,rock climbing,ice climbing,barell racing,hang gliding
448.jpg,weightlifting,volleyball,pole climbing,table tennis,pole vault
449.jpg,weightlifting,pole vault,pole climbing,hang gliding,pole dancing
450.jpg,ice yachting,ski jumping,sailboat racing,giant slalom,pole vault
451.jpg,polo,track bicycle,motorcycle racing,harness racing,nascar racing
452.jpg,sailboat racing,horse jumping,bmx,hammer throw,rowing
453.jpg,bike polo,hockey,harness racing,mushing,canoe slamon
454.jpg,horse jumping,hammer throw,disc golf,cheerleading,bmx
455.jpg,football,cricket,bowling,archery,ampute football
456.jpg,pole dancing,pole vault,frisbee,trapeze,figure skating women
457.jpg,hammer throw,ice climbing,sailboat racing,water polo,mushing
458.jpg,pole dancing,figure skating women,figure skating pairs,wingsuit flying,bobsled
459.jpg,log rolling,hammer throw,fly fishing,rock climbing,canoe slamon
460.jpg,surfing,ice climbing,water cycling,sailboat racing,skydiving
461.jpg,billiards,air hockey,tennis,table tennis,rollerblade racing
462.jpg,golf,baton twirling,bungee jumping,jai alai,shuffleboard
463.jpg,roller derby,basketball,formula 1 racing,nascar racing,boxing
464.jpg,ice climbing,surfing,canoe slamon,sailboat racing,hydroplane racing
465.jpg,parallel bar,pommel horse,olympic wrestling,fencing,uneven bars
466.jpg,gaga,axe throwing,horseshoe pitching,baseball,barell racing
467.jpg,pole climbing,pole dancing,hang gliding,pole vault,wingsuit flying
468.jpg,lacrosse,ultimate,rugby,football,polo
469.jpg,nascar racing,sidecar racing,formula 1 racing,jai alai,harness racing
470.jpg,figure skating pairs,figure skating men,speed skating,figure skating women,luge
471.jpg,track bicycle,cricket,disc golf,polo,football
472.jpg,hang gliding,archery,tennis,pole climbing,hammer throw
473.jpg,skydiving,jai alai,sky surfing,sailboat racing,hang gliding
474.jpg,sidecar racing,formula 1 racing,nascar racing,motorcycle racing,luge
475.jpg,horse racing,rugby,tug of war,steer wrestling,bull riding
476.jpg,wheelchair basketball,horse jumping,harness racing,formula 1 racing,wheelchair racing
477.jpg,polo,jousting,horse racing,harness racing,chuckwagon racing
478.jpg,pole climbing,pole dancing,weightlifting,pole vault,bobsled
479.jpg,figure skating pairs,figure skating women,figure skating men,speed skating,curling
480.jpg,hurdles,speed skating,curling,field hockey,hockey
481.jpg,disc golf,frisbee,baseball,fly fishing,cricket
482.jpg,rugby,horse racing,field hockey,polo,tug of war
483.jpg,basketball,jousting,bull riding,wheelchair basketball,baseball
484.jpg,arm wrestling,shuffleboard,billiards,bowling,pole dancing
485.jpg,bmx,bungee jumping,hockey,rollerblade racing,gaga
486.jpg,lacrosse,ampute football,cricket,ultimate,football
487.jpg,rings,uneven bars,balance beam,high jump,trapeze
488.jpg,horse jumping,horse racing,tug of war,cheerleading,roller derby
489.jpg,pommel horse,olympic wrestling,table tennis,fencing,uneven bars
490.jpg,disc golf,cricket,baseball,track bicycle,football
491.jpg,horse racing,horse jumping,harness racing,tug of war,hammer throw
492.jpg,archery,golf,pole vault,cheerleading,baseball
493.jpg,horse jumping,jousting,hammer throw,basketball,bull riding
494.jpg,shuffleboard,golf,bowling,arm wrestling,baton twirling
495.jpg,football,rugby,cricket,ampute football,lacrosse
496.jpg,log rolling,pole dancing,pole climbing,volleyball,wingsuit flying
497.jpg,hurdles,curling,volleyball,cheerleading,hockey
498.jpg,figure skating women,wingsuit flying,sky surfing,hang gliding,pole dancing
499.jpg,horse jumping,horse racing,harness racing,jousting,hammer throw
